{
    "train": {
        "accuracy": 9.426796382167034,
        "loss": 0.7471742423876574
    },
    "val": {
        "accuracy": 9.696210747369886,
        "loss": 0.1378365203149391
    },
    "step": 9
}
