{
    "train": {
        "accuracy": 9.860387384205085,
        "loss": 0.2764397855407267
    },
    "val": {
        "accuracy": 9.195391064353878,
        "loss": 0.7875005510558379
    },
    "step": 9
}
