step	accuracy
0	0.7841777999997336
1	1.3075879930070444
2	2.276549331076728
3	3.26964867558854
4	4.537552380999914
5	5.228818398092077
6	6.838067554899033
7	7.857653941047663
8	8.298276401103916
9	9.426796382167034
