step	accuracy
0	0.023916270374065518
1	1.8281712061207562
2	2.786004383089079
3	3.0383908165254
4	4.808553105644476
5	5.125054123842592
6	6.123783155120258
7	7.158031810149922
8	8.650113278258052
9	9.860387384205085
