step	loss
0	9.48409623466214
1	8.782139415196692
2	7.711967741463685
3	6.525849013053052
4	5.811706599978026
5	4.449037213188891
6	3.7642156141593555
7	2.797295335325744
8	1.2778505423678068
9	0.2764397855407267
