step	loss
0	9.926435321050018
1	8.63703643751589
2	7.752777892148125
3	6.69760108267331
4	5.350338909216909
5	4.431053195468803
6	3.571261498312006
7	2.983387589174059
8	1.5399097185521096
9	0.7471742423876574
